[
  {
    "model": "api.countrytemplate",
    "pk": 1,
    "fields": {
      "name": "E",
      "full_name": "England"
    }
  },
  {
    "model": "api.countrytemplate",
    "pk": 2,
    "fields": {
      "name": "F",
      "full_name": "France"
    }
  },
  {
    "model": "api.countrytemplate",
    "pk": 3,
    "fields": {
      "name": "G",
      "full_name": "Germany"
    }
  },
  {
    "model": "api.countrytemplate",
    "pk": 4,
    "fields": {
      "name": "R",
      "full_name": "Russia"
    }
  },
  {
    "model": "api.countrytemplate",
    "pk": 5,
    "fields": {
      "name": "T",
      "full_name": "Turkey"
    }
  },
  {
    "model": "api.countrytemplate",
    "pk": 6,
    "fields": {
      "name": "I",
      "full_name": "Italy"
    }
  },
  {
    "model": "api.countrytemplate",
    "pk": 7,
    "fields": {
      "name": "A",
      "full_name": "Austria"
    }
  },
  {
    "model": "api.territorytemplate",
    "pk": 1,
    "fields": {
      "name": "Ank",
      "full_name": "Ankara",
      "sc_exists": true,
      "territory_type": "L",
      "has_coasts": true,
      "country_template": 5
    }
  },
  {
    "model": "api.territorytemplate",
    "pk": 2,
    "fields": {
      "name": "Bel",
      "full_name": "Belgium",
      "sc_exists": true,
      "territory_type": "L",
      "has_coasts": true,
      "country_template": null
    }
  },
  {
    "model": "api.territorytemplate",
    "pk": 3,
    "fields": {
      "name": "Ber",
      "full_name": "Berlin",
      "sc_exists": true,
      "territory_type": "L",
      "has_coasts": true,
      "country_template": 3
    }
  },
  {
    "model": "api.territorytemplate",
    "pk": 4,
    "fields": {
      "name": "Bre",
      "full_name": "Brest",
      "sc_exists": true,
      "territory_type": "L",
      "has_coasts": true,
      "country_template": 2
    }
  },
  {
    "model": "api.territorytemplate",
    "pk": 5,
    "fields": {
      "name": "Bud",
      "full_name": "Budapest",
      "sc_exists": true,
      "territory_type": "L",
      "has_coasts": false,
      "country_template": 7
    }
  },
  {
    "model": "api.territorytemplate",
    "pk": 6,
    "fields": {
      "name": "Bul",
      "full_name": "Bulgaria",
      "sc_exists": true,
      "territory_type": "L",
      "has_coasts": true,
      "country_template": 5
    }
  },
  {
    "model": "api.territorytemplate",
    "pk": 7,
    "fields": {
      "name": "Con",
      "full_name": "Constantinople",
      "sc_exists": true,
      "territory_type": "L",
      "has_coasts": true,
      "country_template": 5
    }
  },
  {
    "model": "api.territorytemplate",
    "pk": 8,
    "fields": {
      "name": "Den",
      "full_name": "Denmark",
      "sc_exists": true,
      "territory_type": "L",
      "has_coasts": true,
      "country_template": null
    }
  },
  {
    "model": "api.territorytemplate",
    "pk": 9,
    "fields": {
      "name": "Edi",
      "full_name": "Edinburgh",
      "sc_exists": true,
      "territory_type": "L",
      "has_coasts": true,
      "country_template": 1
    }
  },
  {
    "model": "api.territorytemplate",
    "pk": 10,
    "fields": {
      "name": "Gre",
      "full_name": "Greece",
      "sc_exists": true,
      "territory_type": "L",
      "has_coasts": true,
      "country_template": null
    }
  },
  {
    "model": "api.territorytemplate",
    "pk": 11,
    "fields": {
      "name": "Hol",
      "full_name": "Holland",
      "sc_exists": true,
      "territory_type": "L",
      "has_coasts": true,
      "country_template": null
    }
  },
  {
    "model": "api.territorytemplate",
    "pk": 12,
    "fields": {
      "name": "Kie",
      "full_name": "Kiel",
      "sc_exists": true,
      "territory_type": "L",
      "has_coasts": true,
      "country_template": 3
    }
  },
  {
    "model": "api.territorytemplate",
    "pk": 13,
    "fields": {
      "name": "Lvp",
      "full_name": "Liverpool",
      "sc_exists": true,
      "territory_type": "L",
      "has_coasts": true,
      "country_template": 1
    }
  },
  {
    "model": "api.territorytemplate",
    "pk": 14,
    "fields": {
      "name": "Lon",
      "full_name": "London",
      "sc_exists": true,
      "territory_type": "L",
      "has_coasts": true,
      "country_template": 1
    }
  },
  {
    "model": "api.territorytemplate",
    "pk": 15,
    "fields": {
      "name": "Mar",
      "full_name": "Marseilles",
      "sc_exists": true,
      "territory_type": "L",
      "has_coasts": true,
      "country_template": 2
    }
  },
  {
    "model": "api.territorytemplate",
    "pk": 16,
    "fields": {
      "name": "Mos",
      "full_name": "Moscow",
      "sc_exists": true,
      "territory_type": "L",
      "has_coasts": false,
      "country_template": 4
    }
  },
  {
    "model": "api.territorytemplate",
    "pk": 17,
    "fields": {
      "name": "Mun",
      "full_name": "Munich",
      "sc_exists": true,
      "territory_type": "L",
      "has_coasts": false,
      "country_template": 3
    }
  },
  {
    "model": "api.territorytemplate",
    "pk": 18,
    "fields": {
      "name": "Nap",
      "full_name": "Naples",
      "sc_exists": true,
      "territory_type": "L",
      "has_coasts": true,
      "country_template": 6
    }
  },
  {
    "model": "api.territorytemplate",
    "pk": 19,
    "fields": {
      "name": "Nor",
      "full_name": "Norway",
      "sc_exists": true,
      "territory_type": "L",
      "has_coasts": true,
      "country_template": null
    }
  },
  {
    "model": "api.territorytemplate",
    "pk": 20,
    "fields": {
      "name": "Par",
      "full_name": "Paris",
      "sc_exists": true,
      "territory_type": "L",
      "has_coasts": false,
      "country_template": 2
    }
  },
  {
    "model": "api.territorytemplate",
    "pk": 21,
    "fields": {
      "name": "Por",
      "full_name": "Portugal",
      "sc_exists": true,
      "territory_type": "L",
      "has_coasts": true,
      "country_template": null
    }
  },
  {
    "model": "api.territorytemplate",
    "pk": 22,
    "fields": {
      "name": "Rom",
      "full_name": "Rome",
      "sc_exists": true,
      "territory_type": "L",
      "has_coasts": true,
      "country_template": 6
    }
  },
  {
    "model": "api.territorytemplate",
    "pk": 23,
    "fields": {
      "name": "Rum",
      "full_name": "Rumania",
      "sc_exists": true,
      "territory_type": "L",
      "has_coasts": true,
      "country_template": null
    }
  },
  {
    "model": "api.territorytemplate",
    "pk": 24,
    "fields": {
      "name": "Ser",
      "full_name": "Serbia",
      "sc_exists": true,
      "territory_type": "L",
      "has_coasts": false,
      "country_template": null
    }
  },
  {
    "model": "api.territorytemplate",
    "pk": 25,
    "fields": {
      "name": "Sev",
      "full_name": "Sevastopol",
      "sc_exists": true,
      "territory_type": "L",
      "has_coasts": true,
      "country_template": 4
    }
  },
  {
    "model": "api.territorytemplate",
    "pk": 26,
    "fields": {
      "name": "Smy",
      "full_name": "Smyrna",
      "sc_exists": true,
      "territory_type": "L",
      "has_coasts": true,
      "country_template": 5
    }
  },
  {
    "model": "api.territorytemplate",
    "pk": 27,
    "fields": {
      "name": "Spa",
      "full_name": "Spain",
      "sc_exists": true,
      "territory_type": "L",
      "has_coasts": true,
      "country_template": null
    }
  },
  {
    "model": "api.territorytemplate",
    "pk": 28,
    "fields": {
      "name": "Swe",
      "full_name": "Sweden",
      "sc_exists": true,
      "territory_type": "L",
      "has_coasts": true,
      "country_template": null
    }
  },
  {
    "model": "api.territorytemplate",
    "pk": 29,
    "fields": {
      "name": "Stp",
      "full_name": "St. Petersburg",
      "sc_exists": true,
      "territory_type": "L",
      "has_coasts": true,
      "country_template": 4
    }
  },
  {
    "model": "api.territorytemplate",
    "pk": 30,
    "fields": {
      "name": "Tri",
      "full_name": "Trieste",
      "sc_exists": true,
      "territory_type": "L",
      "has_coasts": true,
      "country_template": 7
    }
  },
  {
    "model": "api.territorytemplate",
    "pk": 31,
    "fields": {
      "name": "Tun",
      "full_name": "Tunis",
      "sc_exists": true,
      "territory_type": "L",
      "has_coasts": true,
      "country_template": null
    }
  },
  {
    "model": "api.territorytemplate",
    "pk": 32,
    "fields": {
      "name": "Ven",
      "full_name": "Venice",
      "sc_exists": true,
      "territory_type": "L",
      "has_coasts": true,
      "country_template": 6
    }
  },
  {
    "model": "api.territorytemplate",
    "pk": 33,
    "fields": {
      "name": "Vie",
      "full_name": "Vienna",
      "sc_exists": true,
      "territory_type": "L",
      "has_coasts": false,
      "country_template": 7
    }
  },
  {
    "model": "api.territorytemplate",
    "pk": 34,
    "fields": {
      "name": "War",
      "full_name": "Warsaw",
      "sc_exists": true,
      "territory_type": "L",
      "has_coasts": false,
      "country_template": 4
    }
  },
  {
    "model": "api.territorytemplate",
    "pk": 35,
    "fields": {
      "name": "Alb",
      "full_name": "Albania",
      "sc_exists": false,
      "territory_type": "L",
      "has_coasts": true,
      "country_template": null
    }
  },
  {
    "model": "api.territorytemplate",
    "pk": 36,
    "fields": {
      "name": "Apu",
      "full_name": "Apulia",
      "sc_exists": false,
      "territory_type": "L",
      "has_coasts": true,
      "country_template": null
    }
  },
  {
    "model": "api.territorytemplate",
    "pk": 37,
    "fields": {
      "name": "Arm",
      "full_name": "Armenia",
      "sc_exists": false,
      "territory_type": "L",
      "has_coasts": true,
      "country_template": null
    }
  },
  {
    "model": "api.territorytemplate",
    "pk": 38,
    "fields": {
      "name": "Boh",
      "full_name": "Bohemia",
      "sc_exists": false,
      "territory_type": "L",
      "has_coasts": false,
      "country_template": null
    }
  },
  {
    "model": "api.territorytemplate",
    "pk": 39,
    "fields": {
      "name": "Bur",
      "full_name": "Burgundy",
      "sc_exists": false,
      "territory_type": "L",
      "has_coasts": false,
      "country_template": null
    }
  },
  {
    "model": "api.territorytemplate",
    "pk": 40,
    "fields": {
      "name": "Cly",
      "full_name": "Clyde",
      "sc_exists": false,
      "territory_type": "L",
      "has_coasts": true,
      "country_template": null
    }
  },
  {
    "model": "api.territorytemplate",
    "pk": 41,
    "fields": {
      "name": "Fin",
      "full_name": "Finland",
      "sc_exists": false,
      "territory_type": "L",
      "has_coasts": true,
      "country_template": null
    }
  },
  {
    "model": "api.territorytemplate",
    "pk": 42,
    "fields": {
      "name": "Gal",
      "full_name": "Galicia",
      "sc_exists": false,
      "territory_type": "L",
      "has_coasts": false,
      "country_template": null
    }
  },
  {
    "model": "api.territorytemplate",
    "pk": 43,
    "fields": {
      "name": "Gas",
      "full_name": "Gascony",
      "sc_exists": false,
      "territory_type": "L",
      "has_coasts": true,
      "country_template": null
    }
  },
  {
    "model": "api.territorytemplate",
    "pk": 44,
    "fields": {
      "name": "Lvn",
      "full_name": "Livonia",
      "sc_exists": false,
      "territory_type": "L",
      "has_coasts": true,
      "country_template": null
    }
  },
  {
    "model": "api.territorytemplate",
    "pk": 45,
    "fields": {
      "name": "NAf",
      "full_name": "North Africa",
      "sc_exists": false,
      "territory_type": "L",
      "has_coasts": true,
      "country_template": null
    }
  },
  {
    "model": "api.territorytemplate",
    "pk": 46,
    "fields": {
      "name": "Pic",
      "full_name": "Picardy",
      "sc_exists": false,
      "territory_type": "L",
      "has_coasts": true,
      "country_template": null
    }
  },
  {
    "model": "api.territorytemplate",
    "pk": 47,
    "fields": {
      "name": "Pie",
      "full_name": "Piedmont",
      "sc_exists": false,
      "territory_type": "L",
      "has_coasts": true,
      "country_template": null
    }
  },
  {
    "model": "api.territorytemplate",
    "pk": 48,
    "fields": {
      "name": "Pru",
      "full_name": "Prussia",
      "sc_exists": false,
      "territory_type": "L",
      "has_coasts": true,
      "country_template": null
    }
  },
  {
    "model": "api.territorytemplate",
    "pk": 49,
    "fields": {
      "name": "Ruh",
      "full_name": "Ruhr",
      "sc_exists": false,
      "territory_type": "L",
      "has_coasts": false,
      "country_template": null
    }
  },
  {
    "model": "api.territorytemplate",
    "pk": 50,
    "fields": {
      "name": "Sil",
      "full_name": "Silesia",
      "sc_exists": false,
      "territory_type": "L",
      "has_coasts": false,
      "country_template": null
    }
  },
  {
    "model": "api.territorytemplate",
    "pk": 51,
    "fields": {
      "name": "Syr",
      "full_name": "Syria",
      "sc_exists": false,
      "territory_type": "L",
      "has_coasts": true,
      "country_template": null
    }
  },
  {
    "model": "api.territorytemplate",
    "pk": 52,
    "fields": {
      "name": "Tus",
      "full_name": "Tuscany",
      "sc_exists": false,
      "territory_type": "L",
      "has_coasts": true,
      "country_template": null
    }
  },
  {
    "model": "api.territorytemplate",
    "pk": 53,
    "fields": {
      "name": "Tyr",
      "full_name": "Tyrolia",
      "sc_exists": false,
      "territory_type": "L",
      "has_coasts": false,
      "country_template": null
    }
  },
  {
    "model": "api.territorytemplate",
    "pk": 54,
    "fields": {
      "name": "Ukr",
      "full_name": "Ukraine",
      "sc_exists": false,
      "territory_type": "L",
      "has_coasts": false,
      "country_template": null
    }
  },
  {
    "model": "api.territorytemplate",
    "pk": 55,
    "fields": {
      "name": "Wal",
      "full_name": "Wales",
      "sc_exists": false,
      "territory_type": "L",
      "has_coasts": true,
      "country_template": null
    }
  },
  {
    "model": "api.territorytemplate",
    "pk": 56,
    "fields": {
      "name": "Yor",
      "full_name": "Yorkshire",
      "sc_exists": false,
      "territory_type": "L",
      "has_coasts": true,
      "country_template": null
    }
  },
  {
    "model": "api.territorytemplate",
    "pk": 57,
    "fields": {
      "name": "ADR",
      "full_name": "Adriatic Sea",
      "sc_exists": false,
      "territory_type": "S",
      "has_coasts": false,
      "country_template": null
    }
  },
  {
    "model": "api.territorytemplate",
    "pk": 58,
    "fields": {
      "name": "AEG",
      "full_name": "Aegean Sea",
      "sc_exists": false,
      "territory_type": "S",
      "has_coasts": false,
      "country_template": null
    }
  },
  {
    "model": "api.territorytemplate",
    "pk": 59,
    "fields": {
      "name": "BAL",
      "full_name": "Baltic Sea",
      "sc_exists": false,
      "territory_type": "S",
      "has_coasts": false,
      "country_template": null
    }
  },
  {
    "model": "api.territorytemplate",
    "pk": 60,
    "fields": {
      "name": "BAR",
      "full_name": "Barents Sea",
      "sc_exists": false,
      "territory_type": "S",
      "has_coasts": false,
      "country_template": null
    }
  },
  {
    "model": "api.territorytemplate",
    "pk": 61,
    "fields": {
      "name": "BLA",
      "full_name": "Black Sea",
      "sc_exists": false,
      "territory_type": "S",
      "has_coasts": false,
      "country_template": null
    }
  },
  {
    "model": "api.territorytemplate",
    "pk": 62,
    "fields": {
      "name": "EAS",
      "full_name": "Eastern Mediterranean",
      "sc_exists": false,
      "territory_type": "S",
      "has_coasts": false,
      "country_template": null
    }
  },
  {
    "model": "api.territorytemplate",
    "pk": 63,
    "fields": {
      "name": "ENG",
      "full_name": "English Channel",
      "sc_exists": false,
      "territory_type": "S",
      "has_coasts": false,
      "country_template": null
    }
  },
  {
    "model": "api.territorytemplate",
    "pk": 64,
    "fields": {
      "name": "BOT",
      "full_name": "Gulf of Bothnia",
      "sc_exists": false,
      "territory_type": "S",
      "has_coasts": false,
      "country_template": null
    }
  },
  {
    "model": "api.territorytemplate",
    "pk": 65,
    "fields": {
      "name": "HEL",
      "full_name": "Heligoland Bight",
      "sc_exists": false,
      "territory_type": "S",
      "has_coasts": false,
      "country_template": null
    }
  },
  {
    "model": "api.territorytemplate",
    "pk": 66,
    "fields": {
      "name": "ION",
      "full_name": "Ionian Sea",
      "sc_exists": false,
      "territory_type": "S",
      "has_coasts": false,
      "country_template": null
    }
  },
  {
    "model": "api.territorytemplate",
    "pk": 67,
    "fields": {
      "name": "IRI",
      "full_name": "Irish Sea",
      "sc_exists": false,
      "territory_type": "S",
      "has_coasts": false,
      "country_template": null
    }
  },
  {
    "model": "api.territorytemplate",
    "pk": 68,
    "fields": {
      "name": "MAO",
      "full_name": "Mid-Atlantic Ocean",
      "sc_exists": false,
      "territory_type": "S",
      "has_coasts": false,
      "country_template": null
    }
  },
  {
    "model": "api.territorytemplate",
    "pk": 69,
    "fields": {
      "name": "NAO",
      "full_name": "North Atlantic Ocean",
      "sc_exists": false,
      "territory_type": "S",
      "has_coasts": false,
      "country_template": null
    }
  },
  {
    "model": "api.territorytemplate",
    "pk": 70,
    "fields": {
      "name": "NTH",
      "full_name": "North Sea",
      "sc_exists": false,
      "territory_type": "S",
      "has_coasts": false,
      "country_template": null
    }
  },
  {
    "model": "api.territorytemplate",
    "pk": 71,
    "fields": {
      "name": "NWG",
      "full_name": "Norwegian Sea",
      "sc_exists": false,
      "territory_type": "S",
      "has_coasts": false,
      "country_template": null
    }
  },
  {
    "model": "api.territorytemplate",
    "pk": 72,
    "fields": {
      "name": "SKA",
      "full_name": "Skagerrak",
      "sc_exists": false,
      "territory_type": "S",
      "has_coasts": false,
      "country_template": null
    }
  },
  {
    "model": "api.territorytemplate",
    "pk": 73,
    "fields": {
      "name": "TYR",
      "full_name": "Tyrrhenian Sea",
      "sc_exists": false,
      "territory_type": "S",
      "has_coasts": false,
      "country_template": null
    }
  },
  {
    "model": "api.territorytemplate",
    "pk": 74,
    "fields": {
      "name": "WES",
      "full_name": "Western Mediterranean",
      "sc_exists": false,
      "territory_type": "S",
      "has_coasts": false,
      "country_template": null
    }
  },
  {
    "model": "api.territorytemplate",
    "pk": 75,
    "fields": {
      "name": "LYO",
      "full_name": "Gulf of Lyon",
      "sc_exists": false,
      "territory_type": "S",
      "has_coasts": false,
      "country_template": null
    }
  },
  {
    "model": "api.coasttemplate",
    "pk": 76,
    "fields": {
      "territory_template": 1,
      "name": "Ank",
      "full_name": "Ankara Coast"
    }
  },
  {
    "model": "api.coasttemplate",
    "pk": 77,
    "fields": {
      "territory_template": 2,
      "name": "Bel",
      "full_name": "Belgium Coast"
    }
  },
  {
    "model": "api.coasttemplate",
    "pk": 78,
    "fields": {
      "territory_template": 3,
      "name": "Ber",
      "full_name": "Berlin Coast"
    }
  },
  {
    "model": "api.coasttemplate",
    "pk": 79,
    "fields": {
      "territory_template": 4,
      "name": "Bre",
      "full_name": "Brest Coast"
    }
  },
  {
    "model": "api.coasttemplate",
    "pk": 80,
    "fields": {
      "territory_template": 6,
      "name": "Bul/ec",
      "full_name": "Bulgaria East Coast"
    }
  },
  {
    "model": "api.coasttemplate",
    "pk": 81,
    "fields": {
      "territory_template": 6,
      "name": "Bul/sc",
      "full_name": "Bulgaria South Coast"
    }
  },
  {
    "model": "api.coasttemplate",
    "pk": 82,
    "fields": {
      "territory_template": 7,
      "name": "Con",
      "full_name": "Constantinople Coast"
    }
  },
  {
    "model": "api.coasttemplate",
    "pk": 83,
    "fields": {
      "territory_template": 8,
      "name": "Den",
      "full_name": "Denmark Coast"
    }
  },
  {
    "model": "api.coasttemplate",
    "pk": 84,
    "fields": {
      "territory_template": 9,
      "name": "Edi",
      "full_name": "Edinburgh Coast"
    }
  },
  {
    "model": "api.coasttemplate",
    "pk": 85,
    "fields": {
      "territory_template": 10,
      "name": "Gre",
      "full_name": "Greece Coast"
    }
  },
  {
    "model": "api.coasttemplate",
    "pk": 86,
    "fields": {
      "territory_template": 11,
      "name": "Hol",
      "full_name": "Holland Coast"
    }
  },
  {
    "model": "api.coasttemplate",
    "pk": 87,
    "fields": {
      "territory_template": 12,
      "name": "Kie",
      "full_name": "Kiel Coast"
    }
  },
  {
    "model": "api.coasttemplate",
    "pk": 88,
    "fields": {
      "territory_template": 13,
      "name": "Lvp",
      "full_name": "Liverpool Coast"
    }
  },
  {
    "model": "api.coasttemplate",
    "pk": 89,
    "fields": {
      "territory_template": 14,
      "name": "Lon",
      "full_name": "London Coast"
    }
  },
  {
    "model": "api.coasttemplate",
    "pk": 90,
    "fields": {
      "territory_template": 15,
      "name": "Mar",
      "full_name": "Marseilles Coast"
    }
  },
  {
    "model": "api.coasttemplate",
    "pk": 91,
    "fields": {
      "territory_template": 18,
      "name": "Nap",
      "full_name": "Naples Coast"
    }
  },
  {
    "model": "api.coasttemplate",
    "pk": 92,
    "fields": {
      "territory_template": 19,
      "name": "Nor",
      "full_name": "Norway Coast"
    }
  },
  {
    "model": "api.coasttemplate",
    "pk": 93,
    "fields": {
      "territory_template": 21,
      "name": "Por",
      "full_name": "Portugal Coast"
    }
  },
  {
    "model": "api.coasttemplate",
    "pk": 94,
    "fields": {
      "territory_template": 22,
      "name": "Rom",
      "full_name": "Rome Coast"
    }
  },
  {
    "model": "api.coasttemplate",
    "pk": 95,
    "fields": {
      "territory_template": 23,
      "name": "Rum",
      "full_name": "Rumania Coast"
    }
  },
  {
    "model": "api.coasttemplate",
    "pk": 96,
    "fields": {
      "territory_template": 25,
      "name": "Sev",
      "full_name": "Sevastopol Coast"
    }
  },
  {
    "model": "api.coasttemplate",
    "pk": 97,
    "fields": {
      "territory_template": 26,
      "name": "Smy",
      "full_name": "Smyrna Coast"
    }
  },
  {
    "model": "api.coasttemplate",
    "pk": 98,
    "fields": {
      "territory_template": 27,
      "name": "Spa/nc",
      "full_name": "Spain North Coast"
    }
  },
  {
    "model": "api.coasttemplate",
    "pk": 99,
    "fields": {
      "territory_template": 27,
      "name": "Spa/sc",
      "full_name": "Spain South Coast"
    }
  },
  {
    "model": "api.coasttemplate",
    "pk": 100,
    "fields": {
      "territory_template": 28,
      "name": "Swe",
      "full_name": "Sweden Coast"
    }
  },
  {
    "model": "api.coasttemplate",
    "pk": 101,
    "fields": {
      "territory_template": 29,
      "name": "Stp/nc",
      "full_name": "St. Petersburg North Coast"
    }
  },
  {
    "model": "api.coasttemplate",
    "pk": 102,
    "fields": {
      "territory_template": 29,
      "name": "Stp/sc",
      "full_name": "St. Petersburg South Coast"
    }
  },
  {
    "model": "api.coasttemplate",
    "pk": 103,
    "fields": {
      "territory_template": 30,
      "name": "Tri",
      "full_name": "Trieste Coast"
    }
  },
  {
    "model": "api.coasttemplate",
    "pk": 104,
    "fields": {
      "territory_template": 31,
      "name": "Tun",
      "full_name": "Tunis Coast"
    }
  },
  {
    "model": "api.coasttemplate",
    "pk": 105,
    "fields": {
      "territory_template": 32,
      "name": "Ven",
      "full_name": "Venice Coast"
    }
  },
  {
    "model": "api.coasttemplate",
    "pk": 106,
    "fields": {
      "territory_template": 35,
      "name": "Alb",
      "full_name": "Albania Coast"
    }
  },
  {
    "model": "api.coasttemplate",
    "pk": 107,
    "fields": {
      "territory_template": 36,
      "name": "Apu",
      "full_name": "Apulia Coast"
    }
  },
  {
    "model": "api.coasttemplate",
    "pk": 108,
    "fields": {
      "territory_template": 37,
      "name": "Arm",
      "full_name": "Armenia Coast"
    }
  },
  {
    "model": "api.coasttemplate",
    "pk": 109,
    "fields": {
      "territory_template": 40,
      "name": "Cly",
      "full_name": "Clyde Coast"
    }
  },
  {
    "model": "api.coasttemplate",
    "pk": 110,
    "fields": {
      "territory_template": 41,
      "name": "Fin",
      "full_name": "Finland Coast"
    }
  },
  {
    "model": "api.coasttemplate",
    "pk": 111,
    "fields": {
      "territory_template": 43,
      "name": "Gas",
      "full_name": "Gascony Coast"
    }
  },
  {
    "model": "api.coasttemplate",
    "pk": 112,
    "fields": {
      "territory_template": 44,
      "name": "Lvn",
      "full_name": "Livonia Coast"
    }
  },
  {
    "model": "api.coasttemplate",
    "pk": 113,
    "fields": {
      "territory_template": 45,
      "name": "NAf",
      "full_name": "North Africa Coast"
    }
  },
  {
    "model": "api.coasttemplate",
    "pk": 114,
    "fields": {
      "territory_template": 46,
      "name": "Pic",
      "full_name": "Picardy Coast"
    }
  },
  {
    "model": "api.coasttemplate",
    "pk": 115,
    "fields": {
      "territory_template": 47,
      "name": "Pie",
      "full_name": "Piedmont Coast"
    }
  },
  {
    "model": "api.coasttemplate",
    "pk": 116,
    "fields": {
      "territory_template": 48,
      "name": "Pru",
      "full_name": "Prussia Coast"
    }
  },
  {
    "model": "api.coasttemplate",
    "pk": 117,
    "fields": {
      "territory_template": 51,
      "name": "Syr",
      "full_name": "Syria Coast"
    }
  },
  {
    "model": "api.coasttemplate",
    "pk": 118,
    "fields": {
      "territory_template": 52,
      "name": "Tus",
      "full_name": "Tuscany Coast"
    }
  },
  {
    "model": "api.coasttemplate",
    "pk": 119,
    "fields": {
      "territory_template": 55,
      "name": "Wal",
      "full_name": "Wales Coast"
    }
  },
  {
    "model": "api.coasttemplate",
    "pk": 120,
    "fields": {
      "territory_template": 56,
      "name": "Yor",
      "full_name": "Yorkshire Coast"
    }
  },
  {
    "model": "api.initialunitsetup",
    "pk": 121,
    "fields": {
      "territory_template": 14,
      "country_template": 1,
      "unit_type": "F",
      "coast_template": 89
    }
  },
  {
    "model": "api.initialunitsetup",
    "pk": 122,
    "fields": {
      "territory_template": 9,
      "country_template": 1,
      "unit_type": "F",
      "coast_template": 84
    }
  },
  {
    "model": "api.initialunitsetup",
    "pk": 123,
    "fields": {
      "territory_template": 13,
      "country_template": 1,
      "unit_type": "A",
      "coast_template": null
    }
  },
  {
    "model": "api.initialunitsetup",
    "pk": 124,
    "fields": {
      "territory_template": 4,
      "country_template": 2,
      "unit_type": "F",
      "coast_template": 79
    }
  },
  {
    "model": "api.initialunitsetup",
    "pk": 125,
    "fields": {
      "territory_template": 20,
      "country_template": 2,
      "unit_type": "A",
      "coast_template": null
    }
  },
  {
    "model": "api.initialunitsetup",
    "pk": 126,
    "fields": {
      "territory_template": 15,
      "country_template": 2,
      "unit_type": "A",
      "coast_template": null
    }
  },
  {
    "model": "api.initialunitsetup",
    "pk": 127,
    "fields": {
      "territory_template": 3,
      "country_template": 3,
      "unit_type": "A",
      "coast_template": null
    }
  },
  {
    "model": "api.initialunitsetup",
    "pk": 128,
    "fields": {
      "territory_template": 17,
      "country_template": 3,
      "unit_type": "A",
      "coast_template": null
    }
  },
  {
    "model": "api.initialunitsetup",
    "pk": 129,
    "fields": {
      "territory_template": 12,
      "country_template": 3,
      "unit_type": "F",
      "coast_template": 87
    }
  },
  {
    "model": "api.initialunitsetup",
    "pk": 130,
    "fields": {
      "territory_template": 33,
      "country_template": 7,
      "unit_type": "A",
      "coast_template": null
    }
  },
  {
    "model": "api.initialunitsetup",
    "pk": 131,
    "fields": {
      "territory_template": 5,
      "country_template": 7,
      "unit_type": "A",
      "coast_template": null
    }
  },
  {
    "model": "api.initialunitsetup",
    "pk": 132,
    "fields": {
      "territory_template": 30,
      "country_template": 7,
      "unit_type": "F",
      "coast_template": 103
    }
  },
  {
    "model": "api.initialunitsetup",
    "pk": 133,
    "fields": {
      "territory_template": 32,
      "country_template": 6,
      "unit_type": "A",
      "coast_template": null
    }
  },
  {
    "model": "api.initialunitsetup",
    "pk": 134,
    "fields": {
      "territory_template": 22,
      "country_template": 6,
      "unit_type": "A",
      "coast_template": null
    }
  },
  {
    "model": "api.initialunitsetup",
    "pk": 135,
    "fields": {
      "territory_template": 18,
      "country_template": 6,
      "unit_type": "F",
      "coast_template": 91
    }
  },
  {
    "model": "api.initialunitsetup",
    "pk": 136,
    "fields": {
      "territory_template": 16,
      "country_template": 4,
      "unit_type": "A",
      "coast_template": null
    }
  },
  {
    "model": "api.initialunitsetup",
    "pk": 137,
    "fields": {
      "territory_template": 25,
      "country_template": 4,
      "unit_type": "F",
      "coast_template": 96
    }
  },
  {
    "model": "api.initialunitsetup",
    "pk": 138,
    "fields": {
      "territory_template": 34,
      "country_template": 4,
      "unit_type": "A",
      "coast_template": null
    }
  },
  {
    "model": "api.initialunitsetup",
    "pk": 139,
    "fields": {
      "territory_template": 29,
      "country_template": 4,
      "unit_type": "F",
      "coast_template": 102
    }
  },
  {
    "model": "api.initialunitsetup",
    "pk": 140,
    "fields": {
      "territory_template": 7,
      "country_template": 5,
      "unit_type": "A",
      "coast_template": null
    }
  },
  {
    "model": "api.initialunitsetup",
    "pk": 141,
    "fields": {
      "territory_template": 26,
      "country_template": 5,
      "unit_type": "A",
      "coast_template": null
    }
  },
  {
    "model": "api.initialunitsetup",
    "pk": 142,
    "fields": {
      "territory_template": 1,
      "country_template": 5,
      "unit_type": "F",
      "coast_template": 76
    }
  }
]