[
    {"model": "api.countrytemplate", "pk": 1, "fields": {"name": "E", "full_name": "England"}},
    {"model": "api.countrytemplate", "pk": 2, "fields": {"name": "F", "full_name": "France"}}, 
    {"model": "api.countrytemplate", "pk": 3, "fields": {"name": "G", "full_name": "Germany"}}, 
    {"model": "api.countrytemplate", "pk": 4, "fields": {"name": "R", "full_name": "Russia", "scs" : 4}}, 
    {"model": "api.countrytemplate", "pk": 5, "fields": {"name": "T", "full_name": "Turkey"}}, 
    {"model": "api.countrytemplate", "pk": 6, "fields": {"name": "I", "full_name": "Italy"}}, 
    {"model": "api.countrytemplate", "pk": 7, "fields": {"name": "A", "full_name": "Austria"}},
  {
    "model": "api.territorytemplate",
    "pk": 1,
    "fields": {
      "name": "Lon",
      "full_name": "London",
      "sc_exists": true,
      "territory_type": "L",
      "has_coasts": true,
      "country_template": 1
    }
  },
  {
    "model": "api.territorytemplate",
    "pk": 2,
    "fields": {
      "name": "Yor",
      "full_name": "Yorkshire",
      "sc_exists": false,
      "territory_type": "L",
      "has_coasts": true,
      "country_template": null
    }
  },
  {
    "model": "api.territorytemplate",
    "pk": 3,
    "fields": {
      "name": "Wal",
      "full_name": "Wales",
      "sc_exists": false,
      "territory_type": "L",
      "has_coasts": true,
      "country_template": null
    }
  },
  {
    "model": "api.territorytemplate",
    "pk": 4,
    "fields": {
      "name": "Lvp",
      "full_name": "Liverpool",
      "sc_exists": true,
      "territory_type": "L",
      "has_coasts": true,
      "country_template": 1
    }
  },
  {
    "model": "api.territorytemplate",
    "pk": 5,
    "fields": {
      "name": "Edi",
      "full_name": "Edinburgh",
      "sc_exists": true,
      "territory_type": "L",
      "has_coasts": true,
      "country_template": 1
    }
  },
  {
    "model": "api.territorytemplate",
    "pk": 6,
    "fields": {
      "name": "Cly",
      "full_name": "Clyde",
      "sc_exists": false,
      "territory_type": "L",
      "has_coasts": true,
      "country_template": null
    }
  },
  {
    "model": "api.territorytemplate",
    "pk": 7,
    "fields": {
      "name": "Nwy",
      "full_name": "Norway",
      "sc_exists": true,
      "territory_type": "L",
      "has_coasts": true,
      "country_template": null
    }
  },
  {
    "model": "api.territorytemplate",
    "pk": 8,
    "fields": {
      "name": "Swe",
      "full_name": "Sweden",
      "sc_exists": true,
      "territory_type": "L",
      "has_coasts": true,
      "country_template": null
    }
  },
  {
    "model": "api.territorytemplate",
    "pk": 9,
    "fields": {
      "name": "StP",
      "full_name": "St. Petersburg",
      "sc_exists": true,
      "territory_type": "L",
      "has_coasts": true,
      "country_template": 4
    }
  },
  {
    "model": "api.territorytemplate",
    "pk": 10,
    "fields": {
      "name": "Mos",
      "full_name": "Moscow",
      "sc_exists": true,
      "territory_type": "L",
      "has_coasts": false,
      "country_template": 4
    }
  },
  {
    "model": "api.territorytemplate",
    "pk": 11,
    "fields": {
      "name": "Sev",
      "full_name": "Sevastopol",
      "sc_exists": true,
      "territory_type": "L",
      "has_coasts": true,
      "country_template": 4
    }
  },
  {
    "model": "api.territorytemplate",
    "pk": 12,
    "fields": {
      "name": "War",
      "full_name": "Warsaw",
      "sc_exists": true,
      "territory_type": "L",
      "has_coasts": false,
      "country_template": 4
    }
  },
  {
    "model": "api.territorytemplate",
    "pk": 13,
    "fields": {
      "name": "Fin",
      "full_name": "Finland",
      "sc_exists": false,
      "territory_type": "L",
      "has_coasts": true,
      "country_template": null
    }
  },
  {
    "model": "api.territorytemplate",
    "pk": 14,
    "fields": {
      "name": "Den",
      "full_name": "Denmark",
      "sc_exists": true,
      "territory_type": "L",
      "has_coasts": true,
      "country_template": null
    }
  },
  {
    "model": "api.territorytemplate",
    "pk": 15,
    "fields": {
      "name": "Ber",
      "full_name": "Berlin",
      "sc_exists": true,
      "territory_type": "L",
      "has_coasts": true,
      "country_template": 3
    }
  },
  {
    "model": "api.territorytemplate",
    "pk": 16,
    "fields": {
      "name": "Kie",
      "full_name": "Kiel",
      "sc_exists": true,
      "territory_type": "L",
      "has_coasts": true,
      "country_template": 3
    }
  },
  {
    "model": "api.territorytemplate",
    "pk": 17,
    "fields": {
      "name": "Mun",
      "full_name": "Munich",
      "sc_exists": true,
      "territory_type": "L",
      "has_coasts": false,
      "country_template": 3
    }
  },
  {
    "model": "api.territorytemplate",
    "pk": 18,
    "fields": {
      "name": "Hol",
      "full_name": "Holland",
      "sc_exists": true,
      "territory_type": "L",
      "has_coasts": true,
      "country_template": null
    }
  },
  {
    "model": "api.territorytemplate",
    "pk": 19,
    "fields": {
      "name": "Bel",
      "full_name": "Belgium",
      "sc_exists": true,
      "territory_type": "L",
      "has_coasts": true,
      "country_template": null
    }
  },
  {
    "model": "api.territorytemplate",
    "pk": 20,
    "fields": {
      "name": "Par",
      "full_name": "Paris",
      "sc_exists": true,
      "territory_type": "L",
      "has_coasts": false,
      "country_template": 2
    }
  },
  {
    "model": "api.territorytemplate",
    "pk": 21,
    "fields": {
      "name": "Mar",
      "full_name": "Marseilles",
      "sc_exists": true,
      "territory_type": "L",
      "has_coasts": true,
      "country_template": 2
    }
  },
  {
    "model": "api.territorytemplate",
    "pk": 22,
    "fields": {
      "name": "Gas",
      "full_name": "Gascony",
      "sc_exists": false,
      "territory_type": "L",
      "has_coasts": true,
      "country_template": null
    }
  },
  {
    "model": "api.territorytemplate",
    "pk": 23,
    "fields": {
      "name": "Bre",
      "full_name": "Brest",
      "sc_exists": true,
      "territory_type": "L",
      "has_coasts": true,
      "country_template": 2
    }
  },
  {
    "model": "api.territorytemplate",
    "pk": 24,
    "fields": {
      "name": "Spa",
      "full_name": "Spain",
      "sc_exists": true,
      "territory_type": "L",
      "has_coasts": true,
      "country_template": null
    }
  },
  {
    "model": "api.territorytemplate",
    "pk": 25,
    "fields": {
      "name": "Por",
      "full_name": "Portugal",
      "sc_exists": true,
      "territory_type": "L",
      "has_coasts": true,
      "country_template": null
    }
  },
  {
    "model": "api.territorytemplate",
    "pk": 26,
    "fields": {
      "name": "Rom",
      "full_name": "Rome",
      "sc_exists": true,
      "territory_type": "L",
      "has_coasts": true,
      "country_template": 6
    }
  },
  {
    "model": "api.territorytemplate",
    "pk": 27,
    "fields": {
      "name": "Ven",
      "full_name": "Venice",
      "sc_exists": true,
      "territory_type": "L",
      "has_coasts": true,
      "country_template": 6
    }
  },
  {
    "model": "api.territorytemplate",
    "pk": 28,
    "fields": {
      "name": "Nap",
      "full_name": "Naples",
      "sc_exists": true,
      "territory_type": "L",
      "has_coasts": true,
      "country_template": 6
    }
  },
  {
    "model": "api.territorytemplate",
    "pk": 29,
    "fields": {
      "name": "Pie",
      "full_name": "Piedmont",
      "sc_exists": false,
      "territory_type": "L",
      "has_coasts": true,
      "country_template": null
    }
  },
  {
    "model": "api.territorytemplate",
    "pk": 30,
    "fields": {
      "name": "Tus",
      "full_name": "Tuscany",
      "sc_exists": false,
      "territory_type": "L",
      "has_coasts": true,
      "country_template": null
    }
  },
  {
    "model": "api.territorytemplate",
    "pk": 31,
    "fields": {
      "name": "Tri",
      "full_name": "Trieste",
      "sc_exists": true,
      "territory_type": "L",
      "has_coasts": true,
      "country_template": 7
    }
  },
  {
    "model": "api.territorytemplate",
    "pk": 32,
    "fields": {
      "name": "Bud",
      "full_name": "Budapest",
      "sc_exists": true,
      "territory_type": "L",
      "has_coasts": false,
      "country_template": 7
    }
  },
  {
    "model": "api.territorytemplate",
    "pk": 33,
    "fields": {
      "name": "Vie",
      "full_name": "Vienna",
      "sc_exists": true,
      "territory_type": "L",
      "has_coasts": false,
      "country_template": 7
    }
  },
  {
    "model": "api.territorytemplate",
    "pk": 34,
    "fields": {
      "name": "Ser",
      "full_name": "Serbia",
      "sc_exists": true,
      "territory_type": "L",
      "has_coasts": false,
      "country_template": null
    }
  },
  {
    "model": "api.territorytemplate",
    "pk": 35,
    "fields": {
      "name": "Alb",
      "full_name": "Albania",
      "sc_exists": false,
      "territory_type": "L",
      "has_coasts": true,
      "country_template": null
    }
  },
  {
    "model": "api.territorytemplate",
    "pk": 36,
    "fields": {
      "name": "Gre",
      "full_name": "Greece",
      "sc_exists": true,
      "territory_type": "L",
      "has_coasts": true,
      "country_template": null
    }
  },
  {
    "model": "api.territorytemplate",
    "pk": 37,
    "fields": {
      "name": "Bul",
      "full_name": "Bulgaria",
      "sc_exists": true,
      "territory_type": "L",
      "has_coasts": true,
      "country_template": 5
    }
  },
  {
    "model": "api.territorytemplate",
    "pk": 38,
    "fields": {
      "name": "Rum",
      "full_name": "Rumania",
      "sc_exists": true,
      "territory_type": "L",
      "has_coasts": true,
      "country_template": null
    }
  },
  {
    "model": "api.territorytemplate",
    "pk": 39,
    "fields": {
      "name": "Con",
      "full_name": "Constantinople",
      "sc_exists": true,
      "territory_type": "L",
      "has_coasts": true,
      "country_template": 5
    }
  },
  {
    "model": "api.territorytemplate",
    "pk": 40,
    "fields": {
      "name": "Smy",
      "full_name": "Smyrna",
      "sc_exists": true,
      "territory_type": "L",
      "has_coasts": true,
      "country_template": 5
    }
  },
  {
    "model": "api.territorytemplate",
    "pk": 41,
    "fields": {
      "name": "Ank",
      "full_name": "Ankara",
      "sc_exists": true,
      "territory_type": "L",
      "has_coasts": true,
      "country_template": 5
    }
  },
  {
    "model": "api.territorytemplate",
    "pk": 42,
    "fields": {
      "name": "Arm",
      "full_name": "Armenia",
      "sc_exists": false,
      "territory_type": "L",
      "has_coasts": true,
      "country_template": null
    }
  },
  {
    "model": "api.territorytemplate",
    "pk": 43,
    "fields": {
      "name": "Syr",
      "full_name": "Syria",
      "sc_exists": false,
      "territory_type": "L",
      "has_coasts": true,
      "country_template": null
    }
  },
  {
    "model": "api.territorytemplate",
    "pk": 44,
    "fields": {
      "name": "NAf",
      "full_name": "North Africa",
      "sc_exists": false,
      "territory_type": "L",
      "has_coasts": true,
      "country_template": null
    }
  },
  {
    "model": "api.territorytemplate",
    "pk": 45,
    "fields": {
      "name": "Tun",
      "full_name": "Tunis",
      "sc_exists": true,
      "territory_type": "L",
      "has_coasts": true,
      "country_template": null
    }
  },
  {
    "model": "api.coasttemplate",
    "pk": 46,
    "fields": {
      "territory_template": 1,
      "name": "Lon",
      "full_name": "London Coast"
    }
  },
  {
    "model": "api.coasttemplate",
    "pk": 47,
    "fields": {
      "territory_template": 2,
      "name": "Yor",
      "full_name": "Yorkshire Coast"
    }
  },
  {
    "model": "api.coasttemplate",
    "pk": 48,
    "fields": {
      "territory_template": 3,
      "name": "Wal",
      "full_name": "Wales Coast"
    }
  },
  {
    "model": "api.coasttemplate",
    "pk": 49,
    "fields": {
      "territory_template": 4,
      "name": "Lvp",
      "full_name": "Liverpool Coast"
    }
  },
  {
    "model": "api.coasttemplate",
    "pk": 50,
    "fields": {
      "territory_template": 5,
      "name": "Edi",
      "full_name": "Edinburgh Coast"
    }
  },
  {
    "model": "api.coasttemplate",
    "pk": 51,
    "fields": {
      "territory_template": 6,
      "name": "Cly",
      "full_name": "Clyde Coast"
    }
  },
  {
    "model": "api.coasttemplate",
    "pk": 52,
    "fields": {
      "territory_template": 7,
      "name": "Nwy",
      "full_name": "Norway Coast"
    }
  },
  {
    "model": "api.coasttemplate",
    "pk": 53,
    "fields": {
      "territory_template": 8,
      "name": "Swe",
      "full_name": "Sweden Coast"
    }
  },
  {
    "model": "api.coasttemplate",
    "pk": 54,
    "fields": {
      "territory_template": 9,
      "name": "StP/nc",
      "full_name": "St. Petersburg North Coast"
    }
  },
  {
    "model": "api.coasttemplate",
    "pk": 55,
    "fields": {
      "territory_template": 9,
      "name": "StP/sc",
      "full_name": "St. Petersburg South Coast"
    }
  },
  {
    "model": "api.coasttemplate",
    "pk": 56,
    "fields": {
      "territory_template": 11,
      "name": "Sev",
      "full_name": "Sevastopol Coast"
    }
  },
  {
    "model": "api.coasttemplate",
    "pk": 57,
    "fields": {
      "territory_template": 13,
      "name": "Fin",
      "full_name": "Finland Coast"
    }
  },
  {
    "model": "api.coasttemplate",
    "pk": 58,
    "fields": {
      "territory_template": 14,
      "name": "Den",
      "full_name": "Denmark Coast"
    }
  },
  {
    "model": "api.coasttemplate",
    "pk": 59,
    "fields": {
      "territory_template": 15,
      "name": "Ber",
      "full_name": "Berlin Coast"
    }
  },
  {
    "model": "api.coasttemplate",
    "pk": 60,
    "fields": {
      "territory_template": 16,
      "name": "Kie",
      "full_name": "Kiel Coast"
    }
  },
  {
    "model": "api.coasttemplate",
    "pk": 61,
    "fields": {
      "territory_template": 18,
      "name": "Hol",
      "full_name": "Holland Coast"
    }
  },
  {
    "model": "api.coasttemplate",
    "pk": 62,
    "fields": {
      "territory_template": 19,
      "name": "Bel",
      "full_name": "Belgium Coast"
    }
  },
  {
    "model": "api.coasttemplate",
    "pk": 63,
    "fields": {
      "territory_template": 21,
      "name": "Mar",
      "full_name": "Marseilles Coast"
    }
  },
  {
    "model": "api.coasttemplate",
    "pk": 64,
    "fields": {
      "territory_template": 22,
      "name": "Gas",
      "full_name": "Gascony Coast"
    }
  },
  {
    "model": "api.coasttemplate",
    "pk": 65,
    "fields": {
      "territory_template": 23,
      "name": "Bre",
      "full_name": "Brest Coast"
    }
  },
  {
    "model": "api.coasttemplate",
    "pk": 66,
    "fields": {
      "territory_template": 24,
      "name": "Spa/nc",
      "full_name": "Spain North Coast"
    }
  },
  {
    "model": "api.coasttemplate",
    "pk": 67,
    "fields": {
      "territory_template": 24,
      "name": "Spa/sc",
      "full_name": "Spain South Coast"
    }
  },
  {
    "model": "api.coasttemplate",
    "pk": 68,
    "fields": {
      "territory_template": 25,
      "name": "Por",
      "full_name": "Portugal Coast"
    }
  },
  {
    "model": "api.coasttemplate",
    "pk": 69,
    "fields": {
      "territory_template": 26,
      "name": "Rom",
      "full_name": "Rome Coast"
    }
  },
  {
    "model": "api.coasttemplate",
    "pk": 70,
    "fields": {
      "territory_template": 27,
      "name": "Ven",
      "full_name": "Venice Coast"
    }
  },
  {
    "model": "api.coasttemplate",
    "pk": 71,
    "fields": {
      "territory_template": 28,
      "name": "Nap",
      "full_name": "Naples Coast"
    }
  },
  {
    "model": "api.coasttemplate",
    "pk": 72,
    "fields": {
      "territory_template": 29,
      "name": "Pie",
      "full_name": "Piedmont Coast"
    }
  },
  {
    "model": "api.coasttemplate",
    "pk": 73,
    "fields": {
      "territory_template": 30,
      "name": "Tus",
      "full_name": "Tuscany Coast"
    }
  },
  {
    "model": "api.coasttemplate",
    "pk": 74,
    "fields": {
      "territory_template": 31,
      "name": "Tri",
      "full_name": "Trieste Coast"
    }
  },
  {
    "model": "api.coasttemplate",
    "pk": 75,
    "fields": {
      "territory_template": 35,
      "name": "Alb",
      "full_name": "Albania Coast"
    }
  },
  {
    "model": "api.coasttemplate",
    "pk": 76,
    "fields": {
      "territory_template": 36,
      "name": "Gre",
      "full_name": "Greece Coast"
    }
  },
  {
    "model": "api.coasttemplate",
    "pk": 77,
    "fields": {
      "territory_template": 37,
      "name": "Bul/ec",
      "full_name": "Bulgaria East Coast"
    }
  },
  {
    "model": "api.coasttemplate",
    "pk": 78,
    "fields": {
      "territory_template": 37,
      "name": "Bul/sc",
      "full_name": "Bulgaria South Coast"
    }
  },
  {
    "model": "api.coasttemplate",
    "pk": 79,
    "fields": {
      "territory_template": 38,
      "name": "Rum",
      "full_name": "Rumania Coast"
    }
  },
  {
    "model": "api.coasttemplate",
    "pk": 80,
    "fields": {
      "territory_template": 39,
      "name": "Con",
      "full_name": "Constantinople Coast"
    }
  },
  {
    "model": "api.coasttemplate",
    "pk": 81,
    "fields": {
      "territory_template": 40,
      "name": "Smy",
      "full_name": "Smyrna Coast"
    }
  },
  {
    "model": "api.coasttemplate",
    "pk": 82,
    "fields": {
      "territory_template": 41,
      "name": "Ank",
      "full_name": "Ankara Coast"
    }
  },
  {
    "model": "api.coasttemplate",
    "pk": 83,
    "fields": {
      "territory_template": 42,
      "name": "Arm",
      "full_name": "Armenia Coast"
    }
  },
  {
    "model": "api.coasttemplate",
    "pk": 84,
    "fields": {
      "territory_template": 43,
      "name": "Syr",
      "full_name": "Syria Coast"
    }
  },
  {
    "model": "api.coasttemplate",
    "pk": 85,
    "fields": {
      "territory_template": 44,
      "name": "NAf",
      "full_name": "North Africa Coast"
    }
  },
  {
    "model": "api.coasttemplate",
    "pk": 86,
    "fields": {
      "territory_template": 45,
      "name": "Tun",
      "full_name": "Tunis Coast"
    }
  },
  {
    "model": "api.initialunitsetup",
    "pk": 87,
    "fields": {
      "territory_template": 1,
      "country_template": 1,
      "unit_type": "F",
      "coast_template": null
    }
  },
  {
    "model": "api.initialunitsetup",
    "pk": 88,
    "fields": {
      "territory_template": 5,
      "country_template": 1,
      "unit_type": "F",
      "coast_template": null
    }
  },
  {
    "model": "api.initialunitsetup",
    "pk": 89,
    "fields": {
      "territory_template": 4,
      "country_template": 1,
      "unit_type": "A",
      "coast_template": null
    }
  },
  {
    "model": "api.initialunitsetup",
    "pk": 90,
    "fields": {
      "territory_template": 23,
      "country_template": 2,
      "unit_type": "F",
      "coast_template": null
    }
  },
  {
    "model": "api.initialunitsetup",
    "pk": 91,
    "fields": {
      "territory_template": 20,
      "country_template": 2,
      "unit_type": "A",
      "coast_template": null
    }
  },
  {
    "model": "api.initialunitsetup",
    "pk": 92,
    "fields": {
      "territory_template": 21,
      "country_template": 2,
      "unit_type": "A",
      "coast_template": null
    }
  },
  {
    "model": "api.initialunitsetup",
    "pk": 93,
    "fields": {
      "territory_template": 15,
      "country_template": 3,
      "unit_type": "A",
      "coast_template": null
    }
  },
  {
    "model": "api.initialunitsetup",
    "pk": 94,
    "fields": {
      "territory_template": 17,
      "country_template": 3,
      "unit_type": "A",
      "coast_template": null
    }
  },
  {
    "model": "api.initialunitsetup",
    "pk": 95,
    "fields": {
      "territory_template": 16,
      "country_template": 3,
      "unit_type": "F",
      "coast_template": null
    }
  },
  {
    "model": "api.initialunitsetup",
    "pk": 96,
    "fields": {
      "territory_template": 33,
      "country_template": 7,
      "unit_type": "A",
      "coast_template": null
    }
  },
  {
    "model": "api.initialunitsetup",
    "pk": 97,
    "fields": {
      "territory_template": 32,
      "country_template": 7,
      "unit_type": "A",
      "coast_template": null
    }
  },
  {
    "model": "api.initialunitsetup",
    "pk": 98,
    "fields": {
      "territory_template": 31,
      "country_template": 7,
      "unit_type": "F",
      "coast_template": null
    }
  },
  {
    "model": "api.initialunitsetup",
    "pk": 99,
    "fields": {
      "territory_template": 27,
      "country_template": 6,
      "unit_type": "A",
      "coast_template": null
    }
  },
  {
    "model": "api.initialunitsetup",
    "pk": 100,
    "fields": {
      "territory_template": 26,
      "country_template": 6,
      "unit_type": "A",
      "coast_template": null
    }
  },
  {
    "model": "api.initialunitsetup",
    "pk": 101,
    "fields": {
      "territory_template": 28,
      "country_template": 6,
      "unit_type": "F",
      "coast_template": null
    }
  },
  {
    "model": "api.initialunitsetup",
    "pk": 102,
    "fields": {
      "territory_template": 10,
      "country_template": 4,
      "unit_type": "A",
      "coast_template": null
    }
  },
  {
    "model": "api.initialunitsetup",
    "pk": 103,
    "fields": {
      "territory_template": 11,
      "country_template": 4,
      "unit_type": "F",
      "coast_template": null
    }
  },
  {
    "model": "api.initialunitsetup",
    "pk": 104,
    "fields": {
      "territory_template": 9,
      "country_template": 4,
      "unit_type": "A",
      "coast_template": 54
    }
  },
  {
    "model": "api.initialunitsetup",
    "pk": 105,
    "fields": {
      "territory_template": 39,
      "country_template": 5,
      "unit_type": "A",
      "coast_template": null
    }
  },
  {
    "model": "api.initialunitsetup",
    "pk": 106,
    "fields": {
      "territory_template": 40,
      "country_template": 5,
      "unit_type": "A",
      "coast_template": null
    }
  },
  {
    "model": "api.initialunitsetup",
    "pk": 107,
    "fields": {
      "territory_template": 41,
      "country_template": 5,
      "unit_type": "F",
      "coast_template": null
    }
  }
]